TransactionAmount,TransactionType,Channel,CustomerAge,CustomerOccupation,TransactionDuration,AccountBalance,CustomerAge_encoded,Target
84,0,0,52,0,71,916,4,1
1309,0,0,50,0,131,1707,4,1
636,0,2,1,3,46,327,0,0
836,0,2,8,3,15,1422,1,0
484,0,0,0,3,162,195,0,0
1702,0,0,37,0,110,285,3,1
853,0,2,3,3,163,462,0,0
1688,0,0,8,3,113,23,1,0
772,0,2,0,3,124,55,0,0
1446,0,0,18,1,119,734,2,0
1477,0,2,21,1,221,915,2,2
339,0,1,53,2,28,1015,4,1
467,0,1,20,0,83,1479,2,0
301,0,2,21,1,110,1459,2,0
1252,0,2,4,3,132,416,0,0
706,0,2,3,3,86,565,0,0
1008,0,0,5,3,148,162,0,0
243,0,1,19,1,85,660,2,0
641,0,2,26,0,187,527,2,2
325,0,1,9,3,264,396,1,2
338,0,0,11,0,242,1549,1,2
1348,0,0,31,1,158,1532,3,2
1722,0,2,4,3,140,83,0,0
628,0,1,31,1,35,1017,3,1
429,0,1,8,3,135,243,1,0
1611,0,0,57,2,127,892,4,1
1695,0,0,48,0,80,1352,4,1
1229,0,2,37,2,205,282,3,2
1205,0,0,45,2,109,821,4,1
204,0,2,20,0,9,1725,2,0
317,0,0,1,3,107,39,0,0
1151,0,1,9,3,23,229,1,0
1407,0,1,56,2,80,871,4,1
761,0,1,8,3,65,453,1,0
1497,0,2,1,3,95,196,0,0
1587,0,2,8,3,128,47,1,0
1386,0,2,33,1,248,928,3,2
465,0,1,49,0,135,1756,4,1
784,0,1,10,3,132,251,1,0
543,0,0,44,2,80,847,4,1
1181,0,1,7,3,73,387,0,0
1329,0,1,30,1,18,1001,3,1
570,0,1,5,3,41,259,0,0
1538,0,0,28,1,142,980,3,2
1053,0,1,61,2,215,807,4,1
1262,0,2,30,1,214,1152,3,2
29,0,2,32,0,114,1721,3,1
1134,0,1,38,2,213,690,4,2
1507,0,1,7,3,118,570,0,0
659,0,0,26,1,209,770,2,2
699,0,2,17,1,125,1113,1,0
154,0,0,44,2,45,1026,4,1
973,0,0,19,1,41,1157,2,0
480,0,1,26,0,59,1749,2,0
608,0,1,1,3,67,403,0,0
802,0,2,32,0,57,1587,3,1
835,0,0,20,1,92,130,2,0
1041,0,2,31,0,160,1232,3,2
738,0,2,16,0,147,461,1,0
153,0,1,46,0,59,1554,4,1
1343,0,2,6,3,90,201,0,0
950,0,0,35,1,45,681,3,1
969,0,1,3,3,125,147,0,0
1420,0,2,1,3,245,407,0,2
1608,0,0,11,1,62,336,1,0
158,0,0,39,1,68,26,4,1
713,0,1,53,2,123,598,4,1
580,0,1,19,0,165,1315,2,2
1322,0,1,12,1,14,1454,1,0
873,0,1,9,1,136,1504,1,0
647,0,0,14,1,222,1361,1,2
1159,0,2,28,1,41,1503,3,1
579,0,2,41,2,70,1077,4,1
1670,0,1,9,3,7,90,1,0
1485,0,2,4,3,25,101,0,0
698,0,0,45,2,137,1365,4,1
1203,0,2,22,1,94,112,2,0
12,0,2,29,0,97,1652,3,1
1361,0,2,8,1,52,1391,1,0
584,0,1,21,1,157,1132,2,2
308,0,0,51,2,111,495,4,1
1184,0,2,9,3,81,11,1,0
1212,0,2,23,1,51,806,2,0
22,0,0,38,2,31,989,4,1
1566,0,1,39,0,148,420,4,1
1709,0,2,8,3,70,320,1,0
230,0,2,8,3,98,57,1,0
626,0,1,15,1,95,1099,1,0
906,0,2,29,1,255,1494,3,2
1319,0,0,38,0,65,1638,4,1
93,0,0,32,0,114,1738,3,1
1466,0,2,0,3,58,522,0,0
1233,0,1,3,3,8,278,0,0
978,0,2,5,3,110,45,0,0
31,0,2,12,0,233,971,1,2
958,0,0,0,3,274,69,0,2
264,0,0,2,3,82,497,0,0
1370,0,0,48,0,131,1571,4,1
1057,0,2,36,2,82,841,3,1
383,0,2,62,2,103,1126,4,1
1063,0,2,2,3,150,143,0,0
1480,0,1,43,0,249,1673,4,2
1310,0,0,19,1,232,1470,2,2
214,0,1,5,3,112,146,0,0
178,0,2,44,0,89,1435,4,1
1162,0,1,15,0,266,943,1,2
413,0,1,52,0,115,1191,4,1
971,0,0,16,1,155,2,1,2
634,0,1,57,2,252,1003,4,2
1152,0,1,13,1,26,797,1,0
1093,0,0,4,3,99,475,0,0
1686,0,1,13,1,7,1175,1,0
601,0,1,38,2,86,983,4,1
812,0,2,58,2,33,951,4,1
1044,0,1,4,3,26,244,0,0
783,0,2,6,3,9,538,0,0
400,0,1,8,3,4,199,1,0
1693,0,0,1,3,154,193,0,0
986,0,2,53,2,36,344,4,1
1664,0,2,23,0,113,1742,2,0
1440,0,0,40,0,72,1649,4,1
1137,0,1,55,2,90,1344,4,1
887,0,0,41,0,279,1256,4,2
1352,0,0,41,1,99,710,4,1
1591,0,0,44,2,42,404,4,1
932,0,0,20,0,222,1341,2,2
1470,0,1,34,1,122,1283,3,1
123,0,1,44,2,65,667,4,1
1478,0,1,35,2,223,1272,3,2
1161,0,0,1,3,4,303,0,0
61,0,2,25,0,151,1042,2,2
1175,0,1,41,1,141,1243,4,1
296,0,1,46,2,97,898,4,1
691,0,1,42,1,90,1379,4,1
1107,0,0,50,2,53,521,4,1
1698,0,0,13,1,98,1528,1,0
1465,0,0,28,1,133,1111,3,2
1508,0,0,36,0,203,1506,3,2
1153,0,0,47,0,148,1698,4,1
1636,0,0,43,2,62,414,4,1
590,0,0,37,1,161,1161,3,2
414,0,0,7,3,192,91,0,2
662,0,0,32,0,96,1401,3,1
1281,0,0,45,0,170,1356,4,1
652,0,1,26,0,32,1027,2,0
1528,0,0,46,2,121,1078,4,1
1442,0,2,10,1,5,1390,1,0
1492,0,0,40,1,54,36,4,1
1467,0,1,39,2,109,638,4,1
760,0,1,23,0,272,1569,2,2
1548,0,0,4,3,166,113,0,0
300,0,0,30,0,75,325,3,1
1590,0,0,3,3,52,79,0,0
1511,0,0,25,0,149,1694,2,2
1643,0,1,22,0,114,1751,2,0
478,0,0,33,0,131,1758,3,1
24,0,0,21,0,39,1724,2,0
1659,0,1,30,1,0,727,3,1
811,0,3,17,0,75,1691,1,0
1558,0,1,14,1,120,180,1,0
799,0,0,3,3,263,381,0,2
245,0,1,41,2,146,339,4,1
206,0,1,4,3,71,1438,0,0
1475,0,2,5,3,64,226,0,0
403,0,0,33,1,148,675,3,2
1677,0,2,39,1,108,1084,4,1
1300,0,1,49,2,133,739,4,1
937,0,0,0,3,3,190,0,0
960,0,2,0,3,55,189,0,0
844,0,2,40,0,3,452,4,1
1240,0,2,0,3,138,118,0,0
1405,0,0,41,0,204,1664,4,2
416,0,0,5,3,144,318,0,0
147,0,0,41,1,151,1162,4,1
1499,0,1,61,2,20,1201,4,1
1469,0,1,25,1,158,1215,2,2
73,0,0,26,1,146,1469,2,2
1519,0,2,25,1,12,1526,2,0
508,0,1,54,2,8,1276,4,1
872,0,2,43,2,88,814,4,1
1018,0,0,24,1,233,1389,2,2
261,0,2,10,3,195,60,1,2
818,0,2,17,0,170,938,1,2
1330,0,1,28,0,118,1183,3,1
773,0,2,58,2,10,774,4,1
1249,0,1,51,2,240,795,4,2
412,0,0,54,2,107,626,4,1
1625,0,1,40,1,44,932,4,1
1029,0,0,27,1,142,1090,2,2
263,0,2,7,3,99,1047,0,0
66,0,3,35,0,42,1747,3,1
275,0,0,46,0,18,1384,4,1
215,0,1,45,2,119,849,4,1
282,0,1,3,3,7,213,0,0
258,0,0,7,3,70,136,0,0
1423,0,0,35,2,77,704,3,1
1292,0,2,50,2,47,1032,4,1
1673,0,0,4,3,27,1510,0,0
124,0,1,33,1,62,947,3,1
1458,0,0,16,1,95,580,1,0
209,0,0,38,2,14,1176,4,1
1633,0,1,9,3,83,488,1,0
915,0,0,55,2,80,798,4,1
347,0,2,6,3,160,553,0,0
775,0,1,19,0,72,1661,2,0
1282,0,2,3,3,73,879,0,0
1318,0,1,60,2,116,621,4,1
994,0,1,12,0,45,1659,1,0
122,0,2,18,1,202,588,2,2
1371,0,1,52,0,160,1567,4,1
527,0,1,32,0,134,1744,3,1
1465,0,2,1,3,138,463,0,0
1193,0,1,28,0,169,1205,3,2
1646,0,1,3,3,41,267,0,0
70,0,0,24,1,129,1336,2,0
1264,0,0,2,3,54,32,0,0
1143,0,2,36,1,15,1144,3,1
182,0,2,47,2,20,784,4,1
970,0,1,9,3,138,332,1,0
822,0,0,40,2,231,656,4,2
221,0,1,30,0,45,1127,3,1
974,0,0,15,1,62,1193,1,0
1575,0,0,21,1,167,1466,2,2
1411,0,1,13,0,101,1735,1,0
1719,0,1,11,0,45,1572,1,0
1270,0,0,56,2,118,1262,4,1
143,0,2,35,1,102,839,3,1
829,0,1,8,3,43,342,1,0
638,0,1,8,1,270,969,1,2
1108,0,2,19,1,40,754,2,0
597,0,1,37,1,113,596,3,1
1613,0,0,3,3,156,535,0,0
369,0,0,19,1,23,747,2,0
513,0,1,51,2,156,748,4,1
684,0,2,53,2,20,1167,4,1
203,0,1,8,3,167,430,1,0
150,0,1,40,0,154,1598,4,1
162,0,0,47,0,264,1670,4,2
99,0,1,9,1,34,673,1,0
1640,0,2,28,1,52,750,3,1
167,0,0,59,2,216,698,4,1
712,0,1,24,1,244,1172,2,2
889,0,0,9,3,8,187,1,0
1165,0,1,57,2,29,968,4,1
61,0,0,35,1,134,1277,3,1
1124,0,2,20,1,126,1107,2,0
685,0,2,9,3,21,380,1,0
1401,0,0,11,0,127,1704,1,0
650,0,2,25,0,55,393,2,0
1504,0,0,24,1,118,582,2,0
614,0,2,51,0,113,1392,4,1
770,0,0,50,0,215,1636,4,2
1587,0,0,5,3,136,139,0,0
1448,0,1,38,2,155,966,4,1
1690,0,2,40,2,219,559,4,2
1514,0,0,51,2,124,872,4,1
1592,0,0,62,2,66,829,4,1
624,0,0,54,2,80,728,4,1
260,0,0,44,2,112,827,4,1
1100,0,1,10,3,19,456,1,0
779,0,0,53,2,102,1044,4,1
656,0,0,3,3,133,215,0,0
703,0,2,2,3,149,228,0,0
1606,0,0,46,0,83,293,4,1
907,0,2,14,0,26,1413,1,0
494,0,1,39,0,47,1610,4,1
1127,0,0,41,2,26,1096,4,1
186,0,0,26,0,89,114,2,0
825,0,1,40,1,134,1405,4,1
504,0,1,40,2,85,1233,4,1
434,0,2,49,2,60,509,4,1
530,0,0,9,3,150,510,1,0
409,0,2,31,1,58,1094,3,1
240,0,1,34,1,159,1416,3,2
520,0,0,22,0,36,372,2,0
622,0,2,38,1,231,786,4,2
1388,0,0,1,3,235,109,0,2
946,0,2,31,1,63,702,3,1
33,0,1,62,2,264,1321,4,2
1705,0,0,11,0,198,1303,1,2
651,0,1,49,2,243,1150,4,2
1064,0,0,8,3,161,9,1,0
867,0,2,5,3,120,64,0,0
1647,0,1,26,0,15,1378,2,0
1269,0,0,24,0,133,172,2,2
920,0,1,9,1,118,1316,1,0
1289,0,0,33,1,136,1377,3,1
869,0,0,28,0,134,1067,3,2
968,0,1,62,2,194,643,4,1
998,0,2,40,1,114,832,4,1
664,0,0,5,3,170,373,0,0
454,0,1,43,4,81,523,4,1
863,0,1,62,2,251,680,4,2
1582,0,3,11,1,51,1455,1,0
1059,0,0,54,2,90,1319,4,1
734,0,0,27,1,134,867,2,2
23,0,1,16,1,80,723,1,0
600,0,0,39,1,121,1369,4,1
604,0,1,12,1,113,731,1,0
553,0,2,40,0,22,70,4,1
585,0,0,35,2,47,777,3,1
1414,0,0,49,2,234,954,4,2
1627,0,2,9,1,268,150,1,2
1130,0,1,17,0,235,1271,1,2
526,0,0,32,1,100,102,3,1
464,0,0,48,2,156,604,4,1
436,0,1,21,1,160,1125,2,2
1328,0,2,24,1,125,986,2,0
764,0,2,17,0,96,1561,1,0
88,0,0,16,1,140,1208,1,0
486,0,1,36,1,105,585,3,1
1123,0,1,50,2,143,1265,4,1
672,0,2,1,3,103,46,0,0
1017,0,2,18,0,24,1566,2,0
130,0,1,16,1,243,1520,1,2
401,0,1,3,3,11,388,0,0
387,0,0,20,0,245,1627,2,2
1632,0,0,4,3,90,19,0,0
1667,0,2,10,3,219,14,1,2
314,0,0,40,1,150,1221,4,1
310,0,1,9,3,136,106,1,0
554,0,2,49,2,134,1289,4,1
1577,0,0,2,3,263,252,0,2
939,0,0,30,0,34,1370,3,1
490,0,2,33,1,87,670,3,1
1311,0,1,50,2,249,1325,4,2
47,0,2,48,4,46,852,4,1
1637,0,2,50,2,81,583,4,1
1144,0,2,62,2,128,773,4,1
1421,0,1,5,3,126,532,0,0
1585,0,0,9,3,236,177,1,2
1426,0,0,17,0,222,1653,1,2
353,0,0,8,3,26,466,1,0
1257,0,0,26,0,78,1236,2,0
35,0,2,45,2,26,1134,4,1
900,0,0,47,2,260,788,4,2
1383,0,0,42,1,37,86,4,1
138,0,2,36,2,68,1149,3,1
1226,0,2,3,3,245,500,0,2
702,0,0,0,3,78,59,0,0
1295,0,0,44,0,171,1600,4,1
518,0,2,37,2,2,963,3,1
1522,0,0,37,2,117,781,3,1
848,0,1,40,1,82,1252,4,1
1644,0,0,8,3,215,104,1,2
1166,0,2,35,0,160,1565,3,2
771,0,0,39,2,129,923,4,1
1489,0,0,12,0,118,946,1,0
368,0,1,5,3,69,490,0,0
949,0,1,59,2,168,1354,4,1
1619,0,2,42,1,104,782,4,1
1594,0,0,9,3,35,141,1,0
1615,0,1,1,3,104,1168,0,0
746,0,1,30,0,130,987,3,1
1027,0,1,39,1,47,1049,4,1
1696,0,2,47,2,109,974,4,1
720,0,0,21,1,132,1006,2,0
225,0,0,39,2,32,1324,4,1
505,0,0,41,4,43,1057,4,1
1432,0,0,7,3,151,255,0,0
43,0,2,30,0,255,1597,3,2
1523,0,2,28,1,167,590,3,2
1286,0,0,45,2,132,294,4,1
1276,0,0,0,3,147,148,0,0
774,0,1,12,0,74,1619,1,0
615,0,1,42,0,123,1746,4,1
678,0,2,36,1,60,913,3,1
1517,0,2,37,0,35,1711,3,1
1445,0,2,32,1,189,624,3,2
1190,0,2,42,2,86,696,4,1
929,0,2,10,3,42,1334,1,0
1620,0,1,2,3,74,87,0,0
1251,0,1,22,1,125,1071,2,0
700,0,0,53,2,70,1060,4,1
255,0,1,35,1,19,1260,3,1
1525,0,0,4,3,115,436,0,0
244,0,1,8,3,53,439,1,0
607,0,1,0,3,121,568,0,0
1481,0,2,10,3,231,514,1,2
959,0,0,35,0,209,219,3,2
1589,0,3,50,2,149,1115,4,1
340,0,2,17,1,166,975,1,2
845,0,1,12,1,44,1427,1,0
967,0,2,1,3,169,15,0,0
1313,0,0,16,1,51,220,1,0
1375,0,1,17,0,134,1420,1,0
506,0,0,6,3,192,473,0,2
625,0,1,9,3,161,6,1,0
405,0,2,21,0,24,1130,2,0
548,0,0,38,0,258,1284,4,2
1005,0,1,36,1,162,1366,3,2
1584,0,0,46,0,115,1255,4,1
259,0,0,16,0,135,1560,1,0
1684,0,2,13,0,127,1235,1,0
1042,0,1,45,0,103,1606,4,1
605,0,0,49,0,50,1158,4,1
549,0,2,19,0,262,1502,2,2
67,0,2,19,1,48,1086,2,0
1294,0,1,3,3,105,76,0,0
1188,0,0,42,0,138,178,4,1
789,0,1,6,3,48,208,0,0
249,0,2,6,3,3,258,0,0
1263,0,1,33,2,155,1024,3,2
199,0,0,54,2,101,752,4,1
544,0,0,52,0,212,397,4,2
1006,0,2,11,0,131,1248,1,0
283,0,0,1,3,166,450,0,0
1215,0,0,51,2,7,1039,4,1
595,0,2,36,1,157,239,3,2
1128,0,2,3,3,72,307,0,0
1501,0,1,7,3,150,477,0,0
495,0,2,21,0,24,1082,2,0
441,0,1,41,2,147,1048,4,1
311,0,2,50,0,27,1750,4,1
1506,0,2,4,3,72,537,0,0
55,0,2,36,0,151,1681,3,1
552,0,1,9,3,63,419,1,0
687,0,0,1,3,247,50,0,2
1173,0,0,31,4,138,1505,3,1
1254,0,1,23,1,202,1512,2,2
681,0,1,26,1,149,309,2,2
747,0,0,31,1,110,1495,3,1
1408,0,0,37,4,102,1197,3,1
563,0,2,39,0,38,1582,4,1
1207,0,2,16,0,58,1518,1,0
1595,0,0,29,0,96,359,3,1
1683,0,1,4,3,13,365,0,0
806,0,1,8,3,159,295,1,0
34,0,1,60,2,263,1016,4,2
196,0,2,7,3,173,465,0,2
323,0,0,12,0,92,1445,1,0
213,0,1,47,0,77,1471,4,1
14,0,0,60,2,98,1299,4,1
581,0,2,10,1,129,1547,1,0
792,0,0,39,2,161,1101,4,1
780,0,0,52,0,132,1689,4,1
1363,0,1,46,2,18,707,4,1
1547,0,0,35,1,85,1004,3,1
1023,0,1,2,3,225,31,0,2
144,0,2,44,2,65,751,4,1
1701,0,0,2,3,57,1486,0,0
49,0,0,6,3,76,159,0,0
1238,0,0,25,1,27,1241,2,0
1099,0,1,9,1,117,589,1,0
529,0,0,50,0,104,1447,4,1
476,0,1,0,3,166,779,0,0
1616,0,0,8,1,248,994,1,2
1191,0,2,32,1,108,97,3,1
250,0,2,10,3,38,145,1,0
981,0,1,10,3,60,214,1,0
751,0,1,0,3,90,58,0,0
120,0,0,25,1,128,982,2,0
290,0,1,18,0,74,505,2,0
405,0,1,35,2,121,796,3,1
603,0,0,15,0,43,1557,1,0
588,0,1,25,1,234,655,2,2
1341,0,0,46,2,69,605,4,1
1422,0,3,0,3,127,233,0,0
375,0,1,19,1,97,668,2,0
1201,0,2,38,1,169,1381,4,2
749,0,0,15,0,90,961,1,0
321,0,2,9,3,132,745,1,0
1486,0,2,42,1,158,767,4,1
635,0,0,28,1,67,1075,3,1
1704,0,1,29,0,171,1442,3,2
41,0,0,45,2,125,321,4,1
1599,0,1,40,2,80,1358,4,1
79,0,0,8,3,55,43,1,0
1399,0,0,31,1,227,597,3,2
1307,0,0,33,1,56,979,3,1
1605,0,1,32,0,84,1410,3,1
689,0,1,31,1,191,909,3,2
1483,0,1,13,1,276,1452,1,2
50,0,2,6,3,39,125,0,0
609,0,0,5,3,75,1496,0,0
1546,0,1,41,2,170,1131,4,1
602,0,1,16,1,12,61,1,0
1090,0,2,23,0,158,942,2,2
254,0,2,3,3,92,115,0,0
422,0,0,49,0,244,1618,4,2
140,0,0,44,2,35,789,4,1
1540,0,0,33,2,145,1282,3,1
547,0,1,33,1,196,1045,3,2
1656,0,0,34,0,84,1580,3,1
834,0,2,1,3,225,247,0,2
1084,0,1,11,0,113,1156,1,0
1451,0,0,22,0,78,1417,2,0
1048,0,0,35,2,74,920,3,1
1291,0,1,4,3,84,232,0,0
914,0,1,39,2,126,1212,4,1
132,0,0,40,0,227,1643,4,2
355,0,0,0,3,189,1375,0,2
1194,0,0,45,0,157,1663,4,1
68,0,3,57,2,117,517,4,1
1604,0,1,26,1,18,708,2,0
912,0,0,9,3,136,362,1,0
522,0,1,8,3,121,89,1,0
583,0,1,35,2,103,1038,3,1
200,0,2,5,3,62,111,0,0
515,0,1,9,3,81,206,1,0
9,0,0,47,2,137,1247,4,1
180,0,0,35,1,175,661,3,2
546,0,2,6,3,78,425,0,0
1661,0,2,12,0,24,1259,1,0
989,0,0,0,3,199,108,0,2
1364,0,1,47,0,79,1629,4,1
396,0,0,46,0,5,1648,4,1
234,0,2,8,3,133,119,1,0
1655,0,0,50,0,80,1475,4,1
677,0,0,16,1,40,844,1,0
1487,0,2,11,1,51,1087,1,0
1396,0,2,18,0,195,72,2,2
966,0,1,17,1,46,200,1,0
613,0,0,34,2,130,1029,3,1
516,0,2,2,3,169,126,0,0
594,0,0,6,3,25,240,0,0
1003,0,1,12,0,93,1481,1,0
1195,0,0,27,1,2,835,2,0
1098,0,2,22,1,88,581,2,0
1256,0,2,12,1,50,1106,1,0
1321,0,2,46,2,154,1051,4,1
1333,0,0,58,2,33,1349,4,1
181,0,0,6,3,141,493,0,0
274,0,1,49,2,140,677,4,1
1261,0,2,39,2,118,719,4,1
1186,0,2,55,2,71,1137,4,1
406,0,0,8,3,66,75,1,0
1336,0,2,9,1,89,1539,1,0
934,0,0,1,3,35,417,0,0
885,0,0,3,3,140,173,0,0
326,0,0,26,0,65,912,2,0
696,0,0,15,1,135,1335,1,0
460,0,2,40,2,235,944,4,2
1222,0,0,42,2,88,1173,4,1
1219,0,2,37,2,133,437,3,1
984,0,1,4,3,5,211,0,0
1187,0,0,32,0,140,1577,3,1
1324,0,1,24,1,162,161,2,2
438,0,0,55,2,66,1112,4,1
271,0,1,39,1,42,646,4,1
1202,0,0,43,0,44,1589,4,1
1427,0,0,34,0,151,181,3,2
319,0,2,54,2,140,758,4,1
748,0,1,10,3,6,454,1,0
1706,0,1,18,1,249,1545,2,2
351,0,0,56,2,85,1206,4,1
169,0,0,61,2,92,743,4,1
801,0,2,62,2,54,897,4,1
808,0,1,20,1,95,1480,2,0
474,0,2,28,1,164,645,3,2
1537,0,2,35,2,4,764,3,1
533,0,2,48,2,136,1139,4,1
1138,0,2,26,0,41,1347,2,0
1058,0,2,36,1,122,1170,3,1
1250,0,2,11,1,40,593,1,0
1367,0,0,23,0,78,1611,2,0
565,0,1,17,0,101,1473,1,0
1179,0,0,35,1,76,869,3,1
1043,0,1,19,1,132,1293,2,0
487,0,0,11,1,134,1105,1,0
1050,0,1,45,0,108,1703,4,1
361,0,0,56,2,218,395,4,2
1024,0,0,10,1,75,672,1,0
807,0,0,39,2,79,760,4,1
882,0,2,39,0,132,1059,4,1
297,0,1,45,2,123,817,4,1
1409,0,0,38,2,124,766,4,1
1588,0,2,26,0,98,1640,2,0
1064,0,2,11,0,167,1500,1,2
1285,0,0,62,2,37,1050,4,1
1267,0,0,62,2,35,756,4,1
653,0,1,10,3,150,63,1,0
1623,0,2,26,0,133,1690,2,2
43,0,0,50,2,188,809,4,1
819,0,0,0,3,9,1448,0,0
582,0,1,9,1,98,246,1,0
754,0,2,28,0,257,1491,3,2
1091,0,1,27,1,19,1537,2,0
151,0,0,11,1,18,664,1,0
1554,0,0,18,0,76,1153,2,0
1303,0,0,37,2,133,714,3,1
1323,0,2,36,1,266,1398,3,2
343,0,1,16,1,48,1246,1,0
1362,0,1,8,1,228,1177,1,2
1513,0,1,40,0,66,1677,4,1
557,0,0,8,3,234,1307,1,2
386,0,1,45,2,39,1257,4,1
629,0,2,34,2,69,1163,3,1
1197,0,0,36,2,20,613,3,1
241,0,2,52,2,153,744,4,1
864,0,1,19,1,166,776,2,2
97,0,2,61,2,155,1306,4,1
1456,0,0,39,2,203,444,4,2
235,0,0,48,0,232,1498,4,2
1598,0,1,61,2,142,810,4,1
844,0,1,0,3,129,1536,0,0
1607,0,2,6,3,45,575,0,0
957,0,1,23,0,158,1576,2,2
1154,0,0,4,3,211,263,0,2
1694,0,2,50,0,66,1688,4,1
951,0,0,34,0,83,1412,3,1
868,0,1,16,1,81,406,1,0
148,0,0,28,0,165,1754,3,2
961,0,2,16,0,258,1622,1,2
1040,0,2,8,3,90,250,1,0
293,0,2,46,2,133,877,4,1
64,0,0,3,3,121,65,0,0
1206,0,1,37,0,4,1647,3,1
737,0,0,43,2,72,1068,4,1
975,0,2,2,3,277,508,0,2
909,0,1,37,1,116,1395,3,1
1045,0,3,24,1,152,1065,2,2
535,0,0,27,0,95,1715,2,1
514,0,0,14,0,107,1570,1,0
471,0,1,3,3,239,451,0,2
452,0,1,14,0,148,1680,1,0
1062,0,2,28,1,30,823,3,1
1717,0,0,11,0,29,245,1,0
762,0,1,60,2,100,746,4,1
1675,0,0,51,2,80,1079,4,1
541,0,2,10,1,178,1524,1,2
1549,0,2,37,1,129,1108,3,1
895,0,2,59,2,149,826,4,1
306,0,2,38,2,155,1021,4,1
606,0,0,31,0,95,962,3,1
943,0,2,13,1,18,1380,1,0
599,0,0,27,0,77,1544,2,1
833,0,0,3,3,64,10,0,0
1714,0,2,42,1,215,1207,4,2
345,0,1,57,2,154,818,4,1
6,0,1,37,2,186,1296,3,2
342,0,0,34,2,225,1085,3,2
359,0,0,33,0,27,1662,3,1
1510,0,2,35,2,73,860,3,1
288,0,1,47,2,154,457,4,1
562,0,1,1,3,85,433,0,0
436,0,2,50,0,105,1578,4,1
379,0,1,11,0,147,1717,1,0
395,0,2,51,2,34,1088,4,1
1271,0,1,33,0,260,1574,3,2
181,0,0,9,1,59,1327,1,0
1614,0,3,19,1,90,775,2,0
611,0,2,15,0,152,1700,1,0
977,0,2,54,2,132,882,4,1
1453,0,0,0,3,128,297,0,0
1026,0,0,30,1,36,637,3,1
1545,0,0,19,0,53,1759,2,0
786,0,0,9,3,249,573,1,2
1235,0,2,60,2,97,1203,4,1
407,0,2,0,3,56,507,0,0
875,0,2,10,1,125,701,1,0
127,0,1,52,2,170,735,4,1
1561,0,2,11,0,130,1542,1,0
1638,0,2,26,1,143,1174,2,2
1145,0,0,20,1,78,1425,2,0
715,0,1,2,3,25,446,0,0
136,0,1,1,3,46,993,0,0
4,0,0,7,3,129,399,0,0
1671,0,1,47,0,193,1588,4,2
195,0,2,13,0,0,1433,1,0
125,0,1,4,3,49,265,0,0
1621,0,1,5,3,208,579,0,2
1110,0,3,37,1,100,1444,3,1
211,0,1,12,0,95,1730,1,0
159,0,1,39,1,56,1428,4,1
1583,0,0,23,1,30,1034,2,0
1429,0,0,45,2,67,1338,4,1
1314,0,1,15,1,194,614,1,2
58,0,2,12,1,33,1198,1,0
1077,0,0,18,0,57,1534,2,0
824,0,2,60,2,71,1035,4,1
194,0,1,26,0,35,1337,2,0
1075,0,1,61,2,99,855,4,1
1308,0,1,1,3,22,382,0,0
1334,0,0,5,3,145,541,0,0
1476,0,0,7,3,28,135,0,0
719,0,0,39,0,15,1329,4,1
1340,0,1,32,1,93,625,3,1
1196,0,0,9,3,47,360,1,0
121,0,1,0,3,12,204,0,0
1089,0,0,29,1,119,1345,3,1
877,0,0,43,2,253,868,4,2
318,0,2,21,1,58,952,2,0
499,0,1,15,1,41,630,1,0
1461,0,2,9,1,259,1140,1,2
131,0,2,39,0,89,155,4,1
1085,0,1,10,3,16,394,1,0
931,0,0,9,3,205,474,1,2
865,0,0,48,0,151,1737,4,1
227,0,0,2,3,99,520,0,0
115,0,1,46,2,112,306,4,1
446,0,2,23,1,93,1234,2,0
1447,0,0,40,0,1,1602,4,1
1349,0,0,4,3,90,182,0,0
1454,0,1,37,1,77,1220,3,1
371,0,2,41,0,4,1465,4,1
536,0,1,61,2,109,866,4,1
1439,0,1,48,0,137,1109,4,1
1060,0,0,8,3,160,412,1,0
566,0,0,48,0,33,1733,4,1
612,0,0,50,0,148,1675,4,1
924,0,1,33,2,84,887,3,1
846,0,0,42,1,170,602,4,1
457,0,0,39,1,37,910,4,1
919,0,1,54,2,95,1238,4,1
519,0,2,61,2,192,650,4,1
18,0,2,20,1,28,1332,2,0
668,0,2,39,2,253,443,4,2
1297,0,1,50,0,24,1705,4,1
97,0,2,27,1,38,609,2,0
1182,0,1,26,0,70,1739,2,0
1459,0,0,61,2,105,895,4,1
742,0,1,6,3,150,1461,0,0
90,0,1,9,3,28,166,1,0
1268,0,3,52,2,135,1169,4,1
1132,0,2,58,2,168,972,4,1
1610,0,1,18,0,111,1710,2,0
415,0,0,31,1,168,1527,3,2
1075,0,2,10,3,25,289,1,0
1376,0,1,8,3,45,529,1,0
927,0,0,45,0,5,937,4,1
722,0,0,55,4,166,1285,4,1
1170,0,2,40,0,137,273,4,1
423,0,1,50,0,147,1723,4,1
711,0,0,46,2,254,790,4,2
637,0,1,4,3,136,270,0,0
532,0,0,6,3,36,171,0,0
838,0,1,40,0,252,341,4,2
1434,0,0,28,1,165,398,3,2
1724,0,0,7,3,19,44,0,0
500,0,1,13,1,159,67,1,2
509,0,1,36,1,155,1100,3,1
1583,0,0,24,1,118,1227,2,0
1727,0,2,44,2,92,1348,4,1
555,0,1,4,3,119,142,0,0
219,0,0,44,2,59,648,4,1
1543,0,2,25,0,119,38,2,0
461,0,0,19,1,60,878,2,0
827,0,1,4,3,28,212,0,0
559,0,1,38,0,17,1695,4,1
964,0,2,61,2,114,842,4,1
1283,0,0,36,2,101,1280,3,1
389,0,0,50,2,45,1239,4,1
616,0,1,28,0,88,1242,3,1
1603,0,0,47,0,118,1621,4,1
352,0,1,7,3,21,296,0,0
62,0,2,49,2,63,1148,4,1
78,0,2,0,3,10,120,0,0
366,0,0,10,3,44,1482,1,0
450,0,1,9,1,271,1160,1,2
463,0,0,44,2,17,1064,4,1
1654,0,0,0,3,258,280,0,2
648,0,1,27,1,53,830,2,0
376,0,0,2,3,37,413,0,0
365,0,1,8,3,62,1268,1,0
856,0,1,45,0,41,576,4,1
921,0,2,21,0,112,1209,2,0
473,0,0,12,1,128,759,1,0
1337,0,2,8,1,39,653,1,0
280,0,2,19,1,229,1451,2,2
1223,0,0,45,2,125,498,4,1
524,0,2,61,2,41,820,4,1
262,0,0,13,1,154,74,1,0
448,0,1,10,3,11,558,1,0
1430,0,2,14,1,55,1074,1,0
859,0,1,53,2,147,586,4,1
708,0,2,8,3,253,33,1,2
670,0,2,6,3,53,331,0,0
39,0,0,18,1,255,612,2,2
435,0,0,56,2,62,1143,4,1
1331,0,1,40,2,127,551,4,1
299,0,1,5,3,72,501,0,0
1031,0,0,36,2,25,1188,3,1
38,0,1,16,0,278,386,1,2
976,0,1,45,0,1,1063,4,1
809,0,1,37,2,116,628,3,1
617,0,1,3,3,143,73,0,0
469,0,0,57,2,115,703,4,1
133,0,0,36,2,61,1305,3,1
449,0,1,8,3,36,53,1,0
1526,0,0,0,3,112,1080,0,0
276,0,1,6,3,56,138,0,0
363,0,1,40,1,223,977,4,2
16,0,2,47,0,164,1018,4,1
139,0,2,8,1,32,1222,1,0
776,0,0,17,1,93,620,1,0
1339,0,2,38,4,95,1185,4,1
1338,0,2,26,0,24,981,2,0
1495,0,0,21,1,121,997,2,0
1218,0,0,9,3,91,24,1,0
1284,0,1,14,1,21,1145,1,0
257,0,2,12,0,70,1692,1,0
1012,0,2,10,1,103,647,1,0
350,0,1,38,0,39,1657,4,1
1066,0,1,11,1,138,1440,1,0
1148,0,2,6,3,67,476,0,0
631,0,1,2,3,21,547,0,0
277,0,2,35,1,105,411,3,1
1565,0,2,56,2,235,1287,4,2
1304,0,0,4,3,200,778,0,2
21,0,1,14,1,10,885,1,0
704,0,1,24,1,64,1186,2,0
1180,0,2,10,1,246,1431,1,2
48,0,2,4,4,130,236,0,0
1377,0,2,7,3,56,1231,0,0
841,0,1,30,1,184,659,3,2
1131,0,2,43,2,141,317,4,1
1241,0,1,35,2,86,428,3,1
521,0,0,34,1,117,765,3,1
1725,0,1,10,4,6,1562,1,0
688,0,2,34,1,170,1514,3,2
573,0,1,13,0,7,1525,1,0
1541,0,1,1,3,95,383,0,0
849,0,0,10,3,40,560,1,0
850,0,1,50,0,225,1599,4,2
1097,0,2,6,3,170,144,0,0
727,0,0,33,2,95,607,3,1
1415,0,2,19,1,93,1462,2,0
1562,0,0,61,4,83,712,4,1
356,0,2,45,2,21,825,4,1
1484,0,1,29,1,197,1443,3,2
46,0,2,58,2,92,725,4,1
800,0,2,3,3,150,92,0,0
721,0,0,35,2,113,292,3,1
890,0,0,3,3,24,170,0,0
1652,0,1,23,0,124,1604,2,0
630,0,0,6,3,68,152,0,0
1468,0,1,34,0,154,1322,3,2
898,0,1,44,2,134,749,4,1
238,0,1,7,3,122,254,0,0
1025,0,1,17,0,53,1022,1,0
1413,0,1,18,1,202,851,2,2
954,0,1,58,2,53,1298,4,1
654,0,0,0,3,154,183,0,0
63,0,1,58,2,95,1275,4,1
451,0,0,43,2,167,695,4,1
1581,0,0,24,0,123,1731,2,0
40,0,0,61,2,55,1002,4,1
1482,0,0,6,3,123,363,0,0
683,0,2,59,2,43,699,4,1
1119,0,0,54,2,22,1359,4,1
358,0,2,36,0,243,1360,3,2
979,0,1,49,0,64,1040,4,1
888,0,2,39,1,68,1151,4,1
753,0,0,10,3,3,371,1,0
111,0,1,35,0,158,1386,3,2
1114,0,1,37,1,233,881,3,2
279,0,1,9,1,28,948,1,0
1277,0,1,37,0,20,524,3,1
197,0,2,1,3,241,96,0,2
193,0,2,33,2,139,418,3,1
940,0,2,10,3,92,313,1,0
693,0,1,5,3,39,202,0,0
502,0,2,9,3,81,515,1,0
294,0,0,44,0,175,1385,4,1
839,0,1,4,3,149,151,0,0
1121,0,2,22,1,35,619,2,0
1103,0,0,10,3,83,18,1,0
646,0,0,13,1,169,1304,1,2
1666,0,0,32,1,164,802,3,2
972,0,0,48,0,2,1013,4,1
443,0,0,40,1,46,1326,4,1
816,0,1,8,3,126,351,1,0
918,0,2,2,3,171,257,0,0
101,0,2,5,3,208,249,0,2
623,0,0,5,3,162,1533,0,0
231,0,0,45,0,125,1432,4,1
1067,0,0,34,1,7,376,3,1
1571,0,0,3,3,23,82,0,0
1715,0,1,39,0,62,1558,4,1
1365,0,3,4,3,35,13,0,0
223,0,1,23,1,69,678,2,0
679,0,0,12,0,85,1594,1,0
1398,0,1,6,3,83,133,0,0
80,0,1,6,3,10,266,0,0
1605,0,0,58,2,56,543,4,1
806,0,2,10,1,159,1489,1,0
1146,0,0,18,1,165,1497,2,2
1360,0,2,48,2,74,571,4,1
1032,0,2,35,2,162,811,3,2
501,0,2,4,3,17,49,0,0
1730,0,2,4,3,55,1429,0,0
694,0,1,0,3,17,122,0,0
1710,0,1,10,3,165,93,1,0
112,0,1,50,2,202,1114,4,2
1568,0,1,10,3,38,3,1,0
1369,0,2,11,0,256,996,1,2
1726,0,1,43,2,59,1351,4,1
1417,0,2,31,1,78,447,3,1
421,0,1,0,3,208,1046,0,2
32,0,1,58,2,60,722,4,1
1014,0,0,8,1,187,693,1,2
1378,0,1,2,3,57,78,0,0
852,0,1,40,1,14,1141,4,1
399,0,1,58,2,202,615,4,1
187,0,1,44,0,112,1656,4,1
785,0,1,44,2,123,926,4,1
328,0,1,36,0,111,1460,3,1
305,0,0,16,0,60,1353,1,0
1555,0,2,9,3,134,116,1,0
740,0,0,50,0,5,955,4,1
665,0,2,54,2,40,1028,4,1
239,0,0,38,2,28,1031,4,1
1436,0,2,15,1,5,831,1,0
1389,0,0,25,1,223,631,2,2
1028,0,1,5,3,92,169,0,0
114,0,0,9,1,104,880,1,0
854,0,0,31,0,249,1671,3,2
489,0,2,34,2,42,281,3,1
1529,0,0,10,3,161,401,1,0
1602,0,0,5,3,15,483,0,0
1707,0,2,43,2,53,518,4,1
1576,0,0,60,2,159,740,4,1
523,0,0,32,0,53,1116,3,1
564,0,2,52,0,73,1210,4,1
430,0,1,14,0,42,402,1,0
278,0,1,7,3,27,494,0,0
1224,0,1,34,0,35,936,3,1
188,0,0,15,0,275,1732,1,2
1645,0,2,49,2,105,1000,4,1
941,0,0,23,1,38,732,2,0
170,0,0,11,0,86,1593,1,0
534,0,0,31,1,88,584,3,1
758,0,0,41,1,137,1508,4,1
54,0,0,37,2,20,634,3,1
1072,0,1,20,0,27,1138,2,0
1009,0,0,21,1,142,194,2,2
561,0,1,20,0,80,1672,2,0
1472,0,2,48,2,146,1121,4,1
953,0,2,46,2,58,1019,4,1
1574,0,2,37,1,147,688,3,1
892,0,0,42,0,56,1702,4,1
476,0,0,8,1,265,1219,1,2
1346,0,1,54,2,37,1253,4,1
113,0,0,25,0,35,1553,2,0
1112,0,0,57,2,106,1007,4,1
267,0,2,15,0,220,933,1,2
1228,0,0,45,2,37,1124,4,1
1332,0,2,6,3,58,52,0,0
1689,0,2,7,3,29,56,0,0
137,0,0,3,3,80,348,0,0
891,0,0,38,2,171,469,4,2
858,0,2,36,1,29,652,3,1
0,0,2,2,3,163,545,0,0
913,0,0,53,2,151,958,4,1
1359,0,0,39,0,97,1676,4,1
1382,0,0,22,1,101,1310,2,0
803,0,0,1,3,26,330,0,0
897,0,1,31,0,85,917,3,1
96,0,1,8,1,149,1062,1,0
477,0,1,40,1,67,654,4,1
285,0,0,37,1,101,769,3,1
1357,0,2,19,1,34,1541,2,0
1500,0,1,39,1,133,1517,4,1
1253,0,0,13,0,153,1312,1,0
1274,0,2,29,1,42,636,3,1
53,0,2,18,1,261,599,2,2
917,0,1,12,0,101,1120,1,0
1083,0,2,30,1,73,1388,3,1
591,0,0,27,0,247,1323,2,2
425,0,1,36,2,45,925,3,1
1380,0,2,49,0,93,1646,4,1
1174,0,1,55,2,142,1217,4,1
1368,0,1,11,0,143,1419,1,0
1496,0,1,41,2,79,1314,4,1
733,0,0,6,3,191,377,0,2
145,0,1,45,2,156,1043,4,1
381,0,2,7,3,119,175,0,0
1361,0,0,7,3,247,51,0,2
1444,0,1,7,3,49,7,0,0
1141,0,1,31,0,108,1579,3,1
104,0,2,45,0,81,299,4,1
1354,0,1,25,1,238,1383,2,2
705,0,2,20,1,14,939,2,0
1532,0,2,19,0,36,1641,2,0
207,0,0,6,3,238,445,0,2
1096,0,0,17,0,151,1712,1,2
1156,0,2,50,0,137,1674,4,1
842,0,2,14,0,106,1519,1,0
367,0,2,31,4,169,737,3,2
1431,0,1,11,1,65,1297,1,0
1087,0,0,1,3,38,347,0,0
1578,0,0,9,3,111,238,1,0
1076,0,2,36,1,71,355,3,1
1390,0,1,0,3,179,442,0,0
537,0,1,58,2,37,713,4,1
141,0,2,1,3,135,322,0,0
377,0,2,38,1,273,711,4,2
400,0,1,2,3,162,384,0,0
1335,0,0,9,3,31,191,1,0
370,0,0,21,0,75,231,2,0
1227,0,1,27,1,145,692,2,2
229,0,2,1,3,164,324,0,0
1279,0,2,50,2,58,1118,4,1
1536,0,2,45,0,70,1716,4,1
936,0,0,1,3,175,149,0,0
911,0,0,1,3,30,567,0,0
57,0,1,1,3,261,271,0,2
453,0,2,38,2,99,550,4,1
1248,0,2,16,0,96,991,1,0
794,0,0,18,1,264,1436,2,2
870,0,2,42,2,241,671,4,2
531,0,2,27,1,77,1081,2,1
826,0,0,7,3,24,218,0,0
1635,0,1,35,2,99,632,3,1
555,0,1,2,3,93,408,0,0
447,0,1,7,3,87,227,0,0
1438,0,1,62,2,141,889,4,1
1609,0,1,52,2,68,1263,4,1
782,0,1,27,0,104,921,2,1
475,0,0,44,0,81,1658,4,1
741,0,0,11,1,56,792,1,0
236,0,0,59,2,96,1128,4,1
729,0,0,24,1,101,863,2,0
166,0,2,30,1,169,890,3,2
456,0,0,30,0,136,1665,3,1
697,0,1,50,0,140,1630,4,1
320,0,0,17,0,85,260,1,0
1685,0,1,43,0,21,1625,4,1
545,0,0,7,3,150,308,0,0
598,0,2,10,3,275,486,1,2
269,0,1,5,3,206,107,0,2
1315,0,2,54,2,150,633,4,1
576,0,1,51,2,138,1030,4,1
498,0,2,39,2,7,800,4,1
1073,0,2,50,2,164,1331,4,1
402,0,1,6,3,37,343,0,0
185,0,0,40,0,230,1603,4,2
1160,0,0,1,3,126,502,0,0
292,0,2,2,3,130,326,0,0
732,0,0,38,1,106,1449,4,1
304,0,1,23,0,136,1200,2,2
1326,0,0,42,1,55,1333,4,1
982,0,1,33,2,165,1083,3,2
578,0,0,38,0,54,1509,4,1
72,0,1,15,0,51,1122,1,0
1305,0,0,17,1,222,1123,1,2
1232,0,1,10,3,154,489,1,0
1296,0,2,48,2,23,1159,4,1
571,0,1,40,0,92,1264,4,1
1479,0,0,22,1,122,1187,2,0
1535,0,2,47,0,13,1633,4,1
1419,0,2,24,0,138,1249,2,2
392,0,1,11,0,41,1590,1,0
1079,0,1,38,0,133,4,4,1
212,0,0,49,0,154,1009,4,1
229,0,1,32,1,155,1556,3,2
1657,0,2,13,0,18,1726,1,0
160,0,0,42,1,156,1165,4,1
1428,0,0,7,3,230,279,0,2
714,0,1,5,3,5,513,0,0
270,0,2,59,2,263,914,4,2
1055,0,1,15,1,67,934,1,0
1243,0,2,2,3,81,68,0,0
201,0,2,45,2,66,822,4,1
362,0,1,37,2,163,1098,3,2
1086,0,1,46,0,169,391,4,1
391,0,0,4,3,243,546,0,2
1167,0,0,35,2,31,787,3,1
1109,0,1,48,2,62,858,4,1
928,0,1,14,1,206,1117,1,2
390,0,2,31,1,134,1104,3,1
787,0,0,12,0,108,1055,1,0
1658,0,0,37,1,110,1550,3,1
926,0,0,27,1,7,762,2,0
493,0,1,9,3,193,153,1,2
15,0,2,51,0,136,1568,4,1
955,0,2,0,3,119,124,0,0
360,0,0,37,2,57,1291,3,1
569,0,2,44,0,39,1601,4,1
163,0,1,2,3,9,71,0,0
788,0,1,42,1,189,618,4,2
1246,0,1,4,3,113,561,0,0
1720,0,2,4,3,269,117,0,2
1120,0,1,19,1,46,352,2,0
176,0,0,0,3,230,310,0,2
908,0,0,3,3,64,22,0,0
117,0,0,54,2,161,1224,4,1
804,0,2,10,3,61,448,1,0
385,0,1,10,3,21,16,1,0
525,0,1,45,0,39,1575,4,1
675,0,1,46,0,53,1713,4,1
1718,0,0,33,2,217,757,3,2
1443,0,1,34,1,170,999,3,2
1672,0,2,35,1,28,873,3,1
791,0,1,8,3,272,369,1,2
1618,0,0,4,3,194,361,0,2
192,0,2,7,3,264,234,0,2
1016,0,0,44,2,78,464,4,1
1530,0,0,31,0,98,1752,3,1
175,0,1,37,0,88,20,3,1
98,0,0,31,0,84,1639,3,1
1729,0,2,15,0,158,1613,1,2
750,0,0,31,1,28,77,3,1
894,0,2,34,2,204,888,3,2
295,0,1,11,0,66,392,1,0
1136,0,0,9,3,112,405,1,0
426,0,2,49,2,63,853,4,1
110,0,1,3,3,68,378,0,0
364,0,0,16,1,140,1414,1,0
676,0,1,37,0,37,1727,3,1
1350,0,0,4,3,46,549,0,0
1450,0,0,2,3,139,1430,0,0
226,0,0,39,0,172,42,4,2
752,0,0,13,1,5,985,1,0
1404,0,0,3,3,138,949,0,0
768,0,0,8,3,74,140,1,0
916,0,1,29,1,184,884,3,2
997,0,2,8,3,148,479,1,0
146,0,1,50,0,119,1709,4,1
1176,0,0,62,2,217,1216,4,1
1712,0,1,38,2,108,686,4,1
1046,0,0,46,2,42,1311,4,1
65,0,1,13,1,119,1171,1,0
618,0,2,10,3,31,572,1,0
1347,0,2,38,2,7,950,4,1
1641,0,2,33,2,140,718,3,1
1299,0,0,51,2,59,1194,4,1
56,0,0,49,2,252,1300,4,2
879,0,1,13,1,26,1204,1,0
560,0,3,52,2,130,578,4,1
1149,0,1,2,3,30,165,0,0
1674,0,2,4,3,107,429,0,0
619,0,1,34,0,2,1407,3,1
503,0,2,43,2,161,1368,4,1
695,0,2,49,0,87,368,4,1
155,0,1,40,1,272,649,4,2
538,0,2,42,0,99,1644,4,1
586,0,2,39,1,84,1439,4,1
1287,0,2,55,2,108,965,4,1
556,0,0,32,0,13,1753,3,1
901,0,1,2,3,144,103,0,0
224,0,0,2,3,74,458,0,0
736,0,2,28,1,65,1374,3,1
881,0,2,6,3,69,390,0,0
107,0,0,38,1,18,1404,4,1
1351,0,0,29,0,257,1367,3,2
1316,0,1,22,1,157,1266,2,2
627,0,0,31,1,23,685,3,1
100,0,0,35,2,91,487,3,1
1105,0,0,4,3,201,350,0,2
1721,0,2,10,1,163,864,1,0
1260,0,2,6,3,137,286,0,0
644,0,0,51,2,21,651,4,1
1192,0,2,37,1,168,1507,3,2
7,0,0,35,2,259,364,3,2
292,0,1,36,0,273,1669,3,2
74,0,1,5,3,148,253,0,0
1208,0,2,38,2,200,1052,4,2
246,0,0,0,3,70,526,0,0
724,0,0,51,2,49,715,4,1
183,0,2,55,2,119,354,4,1
312,0,0,47,0,36,1371,4,1
108,0,0,35,0,8,1729,3,1
1593,0,2,9,3,165,66,1,0
445,0,0,1,3,104,480,0,0
458,0,2,57,2,160,1269,4,1
796,0,0,15,0,7,1596,1,0
690,0,0,16,1,152,684,1,2
766,0,1,10,3,105,192,1,0
1104,0,0,45,2,25,642,4,1
1515,0,0,4,3,139,290,0,0
1122,0,2,7,3,134,562,0,0
173,0,1,61,2,110,556,4,1
1069,0,0,7,3,27,530,0,0
572,0,2,11,1,166,225,1,2
1491,0,1,3,3,11,329,0,0
902,0,1,4,3,21,540,0,0
1265,0,0,45,2,157,973,4,1
1047,0,1,2,3,140,110,0,0
268,0,1,41,0,20,1450,4,1
1213,0,0,58,2,135,1237,4,1
287,0,0,31,0,136,1340,3,1
1531,0,0,54,2,17,930,4,1
1668,0,0,40,0,117,1682,4,1
373,0,2,1,3,147,105,0,0
491,0,0,11,1,131,1555,1,0
408,0,1,4,4,39,367,0,0
1116,0,1,59,2,111,1184,4,1
511,0,2,9,3,38,248,1,0
558,0,2,18,1,102,1103,2,0
69,0,1,58,2,67,896,4,1
642,0,0,34,2,65,1072,3,1
1342,0,0,42,1,162,833,4,1
1711,0,0,7,3,253,80,0,2
795,0,2,50,0,21,1178,4,1
1056,0,0,12,1,159,1535,1,0
730,0,1,37,0,105,1180,3,1
126,0,1,10,3,143,264,1,0
568,0,0,28,0,91,1654,3,1
718,0,1,49,2,165,600,4,1
83,0,1,39,2,144,780,4,1
828,0,1,57,2,47,1318,4,1
428,0,1,3,3,118,157,0,0
528,0,2,45,2,129,328,4,1
1559,0,2,44,2,199,587,4,2
1612,0,2,54,2,72,623,4,1
442,0,2,20,0,147,1037,2,2
857,0,1,7,3,4,84,0,0
886,0,2,50,2,268,662,4,2
42,0,0,4,3,131,323,0,0
1410,0,1,12,1,95,1258,1,0
94,0,0,39,0,34,1605,4,1
1115,0,2,27,0,26,1748,2,0
466,0,0,23,0,250,1757,2,2
242,0,1,5,3,190,1119,0,2
1255,0,1,26,0,2,1679,2,0
10,0,1,29,0,165,1008,3,2
1022,0,0,57,2,211,666,4,1
991,0,0,1,3,2,230,0,0
335,0,3,49,0,131,1457,4,1
36,0,0,22,0,135,1418,2,0
1524,0,1,27,0,254,95,2,2
1054,0,0,46,0,115,1409,4,1
1011,0,0,57,2,192,658,4,1
152,0,1,36,1,100,1154,3,1
1392,0,0,48,0,52,1642,4,1
767,0,2,42,1,268,592,4,2
1113,0,0,47,2,54,706,4,1
632,0,0,3,3,130,27,0,0
1155,0,2,40,2,205,845,4,2
252,0,1,11,1,108,984,1,0
1573,0,0,14,0,74,1531,1,0
483,0,2,59,2,115,291,4,1
1147,0,1,4,3,20,544,0,0
1624,0,0,2,3,131,274,0,0
1010,0,1,19,1,69,1546,2,0
208,0,2,1,3,61,237,0,0
717,0,0,7,3,47,268,0,0
1306,0,0,42,0,130,1426,4,1
1703,0,0,7,3,16,536,0,0
82,0,0,31,1,163,1362,3,2
331,0,0,22,1,64,34,2,0
1095,0,2,19,1,259,1181,2,2
1455,0,2,16,0,163,40,1,2
860,0,0,41,2,130,691,4,1
781,0,0,0,3,193,460,0,2
8,0,2,62,2,50,990,4,1
248,0,0,37,0,27,455,3,1
431,0,2,43,0,147,539,4,1
105,0,1,43,2,152,617,4,1
716,0,1,40,2,46,606,4,1
763,0,0,43,0,152,1609,4,1
1651,0,0,9,3,110,100,1,0
1065,0,0,35,2,53,595,3,1
1596,0,0,33,2,259,927,3,2
1373,0,0,28,0,100,1607,3,1
1019,0,0,39,2,168,644,4,2
837,0,2,3,3,83,468,0,0
202,0,2,8,1,215,716,1,2
256,0,2,0,3,136,828,0,0
1628,0,1,3,3,155,134,0,0
309,0,1,52,2,121,859,4,1
60,0,1,33,1,85,687,3,1
228,0,1,45,2,185,931,4,2
1433,0,2,49,2,40,288,4,1
1133,0,2,21,0,152,438,2,2
1629,0,1,14,0,96,1102,1,0
1178,0,0,60,2,83,815,4,1
1210,0,1,43,0,127,1678,4,1
933,0,0,24,0,280,1581,2,2
102,0,0,56,2,140,1179,4,1
1474,0,2,60,2,145,629,4,1
935,0,1,5,3,230,98,0,2
1579,0,0,43,2,147,721,4,1
404,0,2,51,0,59,1054,4,1
374,0,2,41,1,26,1036,4,1
168,0,0,44,2,33,504,4,1
109,0,2,30,1,145,761,3,2
1185,0,0,36,1,114,689,3,1
821,0,2,22,0,163,1628,2,2
81,0,0,19,1,198,663,2,2
1293,0,0,7,3,166,312,0,0
1052,0,1,53,2,6,1202,4,1
315,0,1,16,1,130,899,1,0
191,0,0,2,3,5,277,0,0
492,0,2,21,1,166,1403,2,2
27,0,1,3,3,96,374,0,0
815,0,2,16,1,88,1411,1,0
640,0,0,4,3,32,168,0,0
216,0,1,35,0,157,1655,3,2
481,0,1,33,0,164,1487,3,2
876,0,2,18,1,90,679,2,0
680,0,1,40,1,34,657,4,1
658,0,1,3,3,145,503,0,0
5,0,1,25,0,127,1719,2,0
1033,0,1,51,2,89,1278,4,1
322,0,1,18,0,99,1612,2,0
595,0,0,32,1,40,1363,3,1
990,0,0,51,0,59,1693,4,1
1631,0,0,3,3,21,123,0,0
1723,0,0,42,1,129,900,4,1
1080,0,1,50,0,5,1458,4,1
44,0,0,61,2,189,794,4,1
1597,0,2,47,2,196,803,4,2
539,0,1,33,0,169,1620,3,2
1490,0,1,34,2,173,953,3,2
1301,0,0,28,0,81,389,3,1
86,0,1,32,1,27,635,3,1
76,0,1,25,1,88,283,2,0
777,0,0,22,0,126,1728,2,0
398,0,0,38,2,91,676,4,1
723,0,2,23,0,194,1736,2,2
149,0,0,28,0,22,1357,3,1
284,0,1,30,1,137,1056,3,1
663,0,2,1,3,91,315,0,0
593,0,0,0,3,279,184,0,2
59,0,0,16,1,3,669,1,0
30,0,0,7,3,211,375,0,2
540,0,0,14,1,23,1136,1,0
743,0,0,52,2,126,791,4,1
1488,0,0,50,2,169,640,4,1
189,0,0,28,0,51,1608,3,1
37,0,0,32,0,153,1095,3,2
707,0,0,50,2,224,941,4,2
1298,0,2,16,1,9,906,1,0
1534,0,0,42,0,85,1552,4,1
1394,0,1,8,3,207,179,1,2
222,0,1,15,0,123,1089,1,0
655,0,1,18,1,91,1493,2,0
673,0,2,34,1,128,862,3,1
893,0,1,37,2,27,1166,3,1
1669,0,1,60,2,17,922,4,1
3,0,0,34,1,21,610,3,1
1036,0,2,49,0,18,1685,4,1
1681,0,0,45,0,145,534,4,1
830,0,2,36,0,113,121,3,1
1435,0,0,44,2,156,683,4,1
701,0,1,39,0,20,1623,4,1
394,0,0,22,0,20,1666,2,0
135,0,1,26,0,63,1274,2,0
1687,0,1,44,0,87,1213,4,1
1692,0,2,10,3,187,275,1,2
1680,0,0,38,0,17,1667,4,1
286,0,2,3,3,136,222,0,0
1639,0,0,1,3,174,358,0,0
660,0,2,7,3,167,198,0,0
303,0,1,6,3,60,269,0,0
820,0,0,60,2,111,1251,4,1
1325,0,0,40,2,2,1350,4,1
962,0,2,53,2,51,837,4,1
247,0,0,30,1,14,783,3,1
116,0,0,2,3,227,459,0,2
1464,0,1,49,0,67,1373,4,1
1139,0,1,3,3,271,131,0,2
878,0,2,52,0,79,496,4,1
233,0,2,9,1,40,186,1,0
1503,0,0,11,1,27,415,1,0
251,0,0,30,1,126,911,3,1
497,0,2,3,3,121,491,0,0
488,0,2,49,2,141,976,4,1
976,0,2,1,3,277,356,0,2
89,0,1,8,1,110,1147,1,0
999,0,0,42,0,137,235,4,1
620,0,2,61,2,216,908,4,1
645,0,0,34,1,120,1229,3,1
682,0,2,3,3,59,37,0,0
237,0,2,7,3,168,357,0,0
482,0,2,3,3,138,209,0,0
1082,0,1,40,1,97,422,4,1
575,0,0,33,0,162,1687,3,2
190,0,0,34,1,64,988,3,1
1665,0,2,9,1,26,1339,1,0
1034,0,0,8,3,70,333,1,0
1317,0,0,42,0,226,1313,4,2
1542,0,2,34,2,109,793,3,1
1516,0,2,30,1,105,755,3,1
1393,0,1,37,2,62,736,3,1
1280,0,0,46,2,157,1214,4,1
1708,0,1,7,3,205,1053,0,2
666,0,0,30,0,121,1501,3,1
840,0,1,35,2,13,1070,3,1
574,0,2,20,1,255,992,2,2
1273,0,2,51,0,86,1164,4,1
952,0,1,35,0,27,1402,3,1
1660,0,0,42,2,82,865,4,1
948,0,0,9,3,86,519,1,0
1533,0,0,51,0,43,935,4,1
171,0,0,44,2,154,1041,4,1
1171,0,1,18,0,156,1563,2,2
440,0,2,34,0,106,1529,3,1
341,0,0,9,3,46,207,1,0
1676,0,0,42,1,104,1240,4,1
1140,0,0,4,3,265,302,0,2
1374,0,3,40,0,151,1595,4,1
1463,0,0,52,2,105,705,4,1
432,0,0,20,0,135,1559,2,0
220,0,0,57,2,246,1355,4,2
472,0,1,31,1,53,763,3,1
1642,0,2,41,0,114,903,4,1
709,0,2,36,2,114,801,3,1
592,0,2,53,2,214,893,4,2
550,0,1,39,2,77,385,4,1
1550,0,0,5,3,31,846,0,0
433,0,1,38,2,130,485,4,1
1231,0,0,62,4,47,1146,4,1
1381,0,1,10,3,183,564,1,2
667,0,0,39,2,82,945,4,1
1552,0,0,8,3,111,129,1,0
1168,0,2,7,3,157,566,0,0
1129,0,1,18,0,107,300,2,0
424,0,1,40,2,252,569,4,2
1118,0,0,3,3,80,435,0,0
330,0,0,4,3,125,482,0,0
1413,0,2,9,3,82,366,1,0
1039,0,2,54,2,272,1254,4,2
1653,0,2,39,2,137,601,4,1
1539,0,0,54,2,91,682,4,1
427,0,2,31,4,213,1668,3,2
344,0,0,9,1,119,1294,1,0
172,0,2,36,1,13,1286,3,1
17,0,0,11,0,22,1584,1,0
817,0,1,37,1,57,1301,3,1
1013,0,0,0,3,46,128,0,0
419,0,0,5,3,89,311,0,0
1258,0,0,51,0,237,1245,4,2
174,0,0,39,0,136,1614,4,1
1200,0,0,1,3,258,197,0,2
1015,0,1,58,2,233,840,4,2
103,0,0,38,0,23,1592,4,1
1553,0,1,5,3,45,516,0,0
1214,0,0,56,2,2,1308,4,1
883,0,2,38,1,252,1522,4,2
922,0,2,41,1,168,808,4,1
1071,0,2,5,3,129,370,0,0
1158,0,0,8,1,110,1523,1,0
512,0,1,29,1,2,1511,3,1
1728,0,2,18,1,159,886,2,2
1520,0,2,9,3,124,54,1,0
995,0,0,7,3,152,432,0,0
649,0,0,46,0,84,1615,4,1
45,0,2,39,0,155,1697,4,1
177,0,0,2,3,153,156,0,0
880,0,0,11,1,44,1551,1,0
253,0,0,26,0,161,48,2,2
769,0,0,12,1,162,959,1,2
1275,0,0,35,2,15,1317,3,1
1557,0,2,10,3,265,563,1,2
397,0,2,50,0,117,1190,4,1
756,0,2,18,1,137,1290,2,0
1601,0,1,42,0,33,1631,4,1
334,0,2,10,3,24,1483,1,0
847,0,2,49,2,16,1230,4,1
289,0,1,42,1,55,1014,4,1
388,0,2,7,3,95,441,0,0
1049,0,2,10,3,36,216,1,0
832,0,0,9,3,53,287,1,0
744,0,0,33,0,92,1741,3,1
610,0,0,24,0,220,956,2,2
1493,0,0,41,1,31,665,4,1
1204,0,0,23,1,98,639,2,0
1697,0,1,49,2,54,449,4,1
393,0,2,11,0,62,379,1,0
1088,0,0,7,3,121,557,0,0
1150,0,2,7,3,92,94,0,0
1266,0,1,46,2,11,1309,4,1
468,0,1,13,0,13,221,1,0
1570,0,0,10,3,70,176,1,0
1038,0,0,9,3,113,400,1,0
357,0,0,51,2,90,902,4,1
354,0,0,8,1,126,836,1,0
444,0,2,30,1,100,591,3,1
790,0,1,46,0,59,1686,4,1
281,0,1,4,3,59,729,0,0
1198,0,1,42,0,96,1696,4,1
633,0,3,39,2,128,1069,4,1
1494,0,3,19,1,35,1564,2,0
1663,0,1,23,0,163,1714,2,2
956,0,0,10,3,25,467,1,0
1278,0,3,61,2,147,1225,4,1
1650,0,1,36,2,34,700,3,1
1117,0,0,39,2,125,1223,4,1
510,0,2,10,3,138,137,1,0
265,0,1,38,1,248,1011,4,2
1037,0,2,21,0,213,1513,2,2
1106,0,2,4,3,241,21,0,2
164,0,0,9,3,22,426,1,0
1412,0,0,2,3,166,217,0,0
156,0,2,32,4,115,957,3,1
686,0,1,5,3,21,472,0,0
298,0,2,0,3,73,185,0,0
13,0,2,45,2,22,894,4,1
142,0,0,46,0,92,1320,4,1
639,0,1,39,2,29,1066,4,1
273,0,2,37,0,58,470,3,1
1001,0,1,39,0,38,1706,4,1
805,0,2,21,1,24,434,2,0
1679,0,0,46,0,231,28,4,2
205,0,1,39,1,28,697,4,1
92,0,1,7,3,42,577,0,0
1169,0,1,9,1,32,1421,1,0
1460,0,2,5,3,177,340,0,2
1189,0,1,5,3,120,799,0,0
1220,0,0,50,0,25,1591,4,1
52,0,0,29,1,187,1328,3,2
1372,0,2,15,1,63,256,1,0
517,0,1,57,2,63,1005,4,1
930,0,2,28,1,104,785,3,1
1242,0,0,25,1,79,805,2,0
1634,0,2,1,3,51,316,0,0
291,0,1,14,0,41,1543,1,0
1418,0,1,60,2,13,919,4,1
1135,0,1,21,1,42,409,2,0
11,0,0,48,0,160,1626,4,1
798,0,0,13,1,151,1472,1,0
1416,0,1,4,3,63,542,0,0
1662,0,2,32,0,114,1734,3,1
725,0,2,46,2,28,603,4,1
418,0,1,33,1,138,1396,3,1
1425,0,2,9,1,7,967,1,0
25,0,2,34,0,257,1616,3,2
1035,0,1,8,1,61,641,1,0
459,0,1,21,0,132,1701,2,0
739,0,1,7,3,43,421,0,0
1462,0,1,40,2,258,1076,4,2
797,0,2,2,3,201,88,0,2
903,0,2,42,1,123,1376,4,1
674,0,1,13,1,4,1091,1,0
1586,0,1,8,1,122,901,1,0
51,0,0,41,0,48,1226,4,1
165,0,0,14,0,23,1279,1,0
831,0,1,33,2,127,694,3,1
1648,0,0,26,0,228,1199,2,2
437,0,0,50,2,157,905,4,1
1564,0,0,34,0,130,1548,3,1
1245,0,2,45,2,87,1135,4,1
755,0,1,23,1,141,1423,2,2
217,0,2,4,3,221,478,0,2
1272,0,0,56,2,181,772,4,1
232,0,0,22,0,107,1476,2,0
307,0,1,31,1,45,611,3,1
77,0,0,5,3,53,29,0,0
851,0,0,3,3,50,1408,0,0
1030,0,0,62,2,17,1097,4,1
987,0,0,43,0,142,1634,4,1
1498,0,0,34,0,16,918,3,1
726,0,0,36,1,43,1393,3,1
1424,0,2,39,2,51,1058,4,1
1345,0,2,8,3,80,525,1,0
337,0,2,12,1,16,856,1,0
1502,0,0,9,1,46,1488,1,0
1217,0,0,41,0,95,1540,4,1
813,0,2,1,3,163,5,0,0
380,0,3,31,1,131,876,3,1
993,0,2,15,1,21,1330,1,0
778,0,0,46,2,227,1281,4,2
1457,0,2,28,1,265,1415,3,2
1437,0,2,11,1,93,1463,1,0
1002,0,1,21,1,33,857,2,0
28,0,1,20,4,154,1025,2,2
1406,0,2,37,1,68,594,3,1
643,0,0,2,3,160,298,0,0
1527,0,1,9,1,31,891,1,0
128,0,2,37,1,27,1515,3,1
577,0,0,1,3,42,484,0,0
1563,0,1,9,3,13,224,1,0
731,0,0,24,0,166,1478,2,2
1580,0,2,8,3,130,30,1,0
942,0,0,39,2,142,533,4,1
1092,0,0,16,1,132,838,1,0
1385,0,2,4,3,106,978,0,0
963,0,0,49,0,106,1521,4,1
372,0,2,45,0,38,1740,4,1
1102,0,2,35,0,105,1538,3,1
596,0,2,15,0,276,188,1,2
945,0,0,9,3,257,345,1,2
866,0,2,14,0,155,1745,1,0
1402,0,1,20,0,219,1110,2,2
814,0,0,41,2,49,334,4,1
905,0,2,16,1,88,924,1,0
985,0,2,31,0,105,1722,3,1
1505,0,0,13,0,14,1617,1,0
218,0,1,34,0,66,25,3,1
272,0,0,24,1,24,843,2,0
904,0,0,35,0,2,506,3,1
884,0,0,25,1,266,1302,2,2
1356,0,1,13,1,157,726,1,0
118,0,0,9,3,134,99,1,0
983,0,0,61,2,102,741,4,1
1,0,0,21,1,126,1228,2,0
87,0,0,5,3,71,481,0,0
1183,0,2,26,1,94,1092,2,0
410,0,0,25,1,264,733,2,2
2,0,1,16,1,162,1434,1,2
1288,0,0,45,0,51,1382,4,1
1239,0,1,6,4,22,338,0,0
91,0,1,51,0,1,1400,4,1
947,0,2,21,0,78,1743,2,0
1600,0,1,30,1,54,1010,3,1
996,0,0,13,1,98,353,1,0
793,0,2,33,2,32,1073,3,1
161,0,2,50,2,8,824,4,1
1691,0,0,22,0,84,1720,2,0
1700,0,2,7,3,1,1,0,0
1290,0,2,7,3,43,337,0,0
1473,0,0,8,1,104,1437,1,0
1172,0,1,31,0,188,8,3,2
462,0,0,33,2,38,861,3,1
1163,0,1,46,0,53,305,4,1
1221,0,2,18,1,58,1485,2,0
1560,0,1,38,1,202,1499,4,2
1302,0,1,48,0,53,1684,4,1
542,0,0,18,0,24,1211,2,0
384,0,0,12,1,152,1490,1,0
1021,0,0,44,0,92,1635,4,1
1225,0,1,41,1,190,1250,4,2
302,0,2,9,3,77,709,1,0
692,0,2,28,1,67,284,3,1
346,0,1,23,1,10,1346,2,0
1164,0,0,42,2,13,804,4,1
567,0,1,3,3,171,349,0,0
1626,0,0,43,2,149,555,4,1
184,0,0,8,3,28,304,1,0
1142,0,2,49,0,153,276,4,1
1125,0,1,42,2,64,1267,4,1
1320,0,2,18,0,69,1023,2,0
26,0,1,22,1,23,970,2,0
910,0,0,30,0,193,1474,3,2
1509,0,0,29,1,24,883,3,1
1556,0,2,15,1,124,1406,1,0
710,0,2,2,3,255,471,0,2
332,0,2,9,3,71,319,1,0
1126,0,2,59,2,91,616,4,1
757,0,1,46,2,9,1218,4,1
324,0,1,13,0,67,1683,1,0
1512,0,0,21,0,165,1387,2,2
1518,0,1,5,3,100,154,0,0
329,0,0,27,1,175,1364,2,2
669,0,1,53,2,243,875,4,2
1699,0,0,1,3,165,574,0,0
861,0,0,46,2,99,622,4,1
119,0,0,59,2,76,771,4,1
1074,0,1,33,2,163,608,3,2
1622,0,0,49,2,137,1033,4,1
1244,0,1,39,1,60,720,4,1
382,0,1,51,0,261,1650,4,2
417,0,0,59,2,250,427,4,2
470,0,1,15,0,156,1441,1,2
85,0,1,27,1,63,1195,2,1
1572,0,1,11,0,32,1530,1,0
20,0,1,9,3,122,410,1,0
1111,0,2,48,2,86,813,4,1
1237,0,1,0,3,159,335,0,0
507,0,1,51,0,146,1343,4,1
1101,0,0,33,2,179,738,3,2
420,0,1,4,3,59,158,0,0
1551,0,0,56,2,66,717,4,1
1400,0,1,0,3,152,164,0,0
661,0,2,41,0,155,1755,4,1
349,0,0,8,3,76,1012,1,0
71,0,1,7,3,12,548,0,0
923,0,1,7,3,53,163,0,0
210,0,1,13,1,62,674,1,0
1230,0,2,6,3,132,346,0,0
1384,0,0,25,0,65,1399,2,0
944,0,1,24,1,21,819,2,0
1358,0,0,24,0,96,1583,2,0
1391,0,0,29,1,19,724,3,1
134,0,0,10,3,20,301,1,0
1344,0,0,37,0,131,1573,3,1
1094,0,1,7,3,253,35,0,2
992,0,0,52,2,40,440,4,1
988,0,1,8,3,6,1456,1,0
874,0,1,23,1,55,1288,2,0
129,0,0,5,3,93,62,0,0
496,0,2,2,3,50,272,0,0
1247,0,1,40,2,15,1273,4,1
95,0,0,3,3,209,174,0,2
75,0,1,33,0,32,1061,3,1
877,0,0,4,3,175,203,0,0
1630,0,1,11,0,66,1093,1,0
266,0,0,8,3,13,127,1,0
1678,0,0,1,3,17,12,0,0
1211,0,0,24,1,112,223,2,0
1567,0,1,42,2,163,1270,4,1
333,0,2,10,3,76,242,1,0
671,0,2,56,2,55,834,4,1
19,0,0,8,3,53,423,1,0
1395,0,2,11,1,97,907,1,0
198,0,1,3,3,18,261,0,0
421,0,2,12,0,70,1624,1,0
157,0,0,1,3,15,492,0,0
1209,0,0,18,1,18,1133,2,0
735,0,2,19,0,6,998,2,0
934,0,2,9,3,110,499,1,0
378,0,2,49,2,39,1155,4,1
1452,0,1,39,0,117,1660,4,1
1327,0,1,20,0,253,929,2,2
411,0,2,8,3,122,17,1,0
1078,0,0,7,3,102,512,0,0
899,0,0,56,2,46,753,4,1
589,0,0,33,1,201,848,3,2
479,0,0,29,0,67,160,3,1
1471,0,1,25,1,26,995,2,0
1177,0,1,12,1,133,1142,1,0
175,0,1,27,0,245,1453,2,2
1441,0,1,50,0,10,1632,4,1
1081,0,1,17,0,31,1651,1,0
316,0,2,34,2,114,742,3,1
657,0,2,17,1,133,1446,1,0
1216,0,0,11,0,210,1637,1,2
1449,0,2,51,2,142,874,4,1
1004,0,1,5,3,117,552,0,0
455,0,0,29,0,182,1718,3,2
745,0,1,25,0,149,1295,2,2
965,0,2,28,1,14,1394,3,1
1157,0,0,54,2,78,431,4,1
587,0,1,9,3,134,511,1,0
938,0,2,24,1,13,812,2,0
348,0,2,39,0,9,1397,4,1
336,0,2,9,1,181,1244,1,2
1521,0,0,44,2,155,904,4,1
810,0,1,6,3,222,816,0,2
1355,0,2,45,0,267,1585,4,2
1649,0,1,1,3,180,167,0,0
759,0,2,8,3,206,531,1,2
1000,0,2,24,1,83,870,2,0
327,0,0,24,1,142,1189,2,2
871,0,2,21,0,176,1645,2,2
855,0,2,10,3,30,0,1,0
551,0,1,20,1,142,1020,2,2
1617,0,0,37,2,154,854,3,1
439,0,0,26,1,256,1477,2,2
1397,0,1,0,3,272,262,0,2
980,0,1,8,3,58,132,1,0
1236,0,0,52,0,105,1467,4,1
925,0,0,34,2,151,960,3,2
313,0,1,14,0,154,1196,1,0
1682,0,1,46,2,43,1182,4,1
823,0,2,6,3,109,85,0,0
1387,0,0,5,3,37,81,0,0
1051,0,0,46,2,45,627,4,1
57,0,2,24,0,32,1342,2,0
1716,0,1,6,3,151,1492,0,0
728,0,0,33,1,53,1292,3,1
1070,0,0,7,3,94,241,0,0
1007,0,0,36,2,13,424,3,1
1234,0,0,4,3,90,850,0,0
1353,0,2,14,1,16,1468,1,0
1366,0,0,8,3,110,205,1,0
896,0,2,34,1,82,1484,3,1
1379,0,2,35,1,134,1372,3,1
862,0,0,0,3,266,314,0,2
1312,0,0,16,1,54,768,1,0
106,0,0,39,2,56,1129,4,1
755,0,1,46,0,210,1516,4,2
765,0,0,31,0,18,1261,3,1
1061,0,0,3,3,149,210,0,0
1713,0,1,18,1,140,1424,2,0
1403,0,2,47,0,27,1464,4,1
1259,0,0,3,3,171,554,0,0
1199,0,0,51,0,78,1708,4,1
1569,0,2,26,0,16,1586,2,0
1068,0,0,13,1,32,964,1,0
621,0,2,41,0,30,1699,4,1
1544,0,0,21,1,59,940,2,0
485,0,1,42,1,83,1192,4,1
1020,0,1,30,0,167,41,3,2
179,0,1,38,2,136,730,4,1
843,0,2,5,3,9,528,0,0
